Feature,Importance
walletAddress,0.11554016548600915
doctorId,0.11511433304026299
patientId,0.11264213375057845
claimFrequencyDoctor,0.10875798783000394
claimAmount,0.10558893559478043
expectedAmount,0.10513447251818499
claimFrequencyPatient,0.09932223504861473
description,0.07352526815174601
treatment,0.0450980092977705
patientName,0.03943145303718697
doctorName,0.03415618179238561
diagnosis,0.03032152626957188
isDuplicate,0.015367298182904242
